# unknown
acestus

# actual commits
aaron_trevana = Aaron Trevena <teejay@cpan.org>
acmoore = Andrew Moore <amoore@cpan.org>
alexhartmaier = Alexander Hartmaier <abraxxa@cpan.org>
allenday = Allen Day
angiuoli = angiuoli
arodland = Andrew Rodland <arodland@cpan.org>
ashberlin = Ash Berlin <ash_github@firemirror.com>
boconnor = Brian O'Connor
caelum = Rafael Kitover <rkitover@cpan.org>
cahille = Earl Cahill
cmungall = Chris Mungall
dlc = Darren Chamberlain
duality72 = Chris Hilton
faxm0dem = Fabien Wernli <cpan@faxm0dem.org>
grommit = grommit
jawnsy = Jonathan Yu
jgoulah = John Goulah <jgoulah@cpan.org>
kycl4rk = Ken Youens-Clark
mmelillo = Mikey Melillo
mummi = Gudmundur A . Thorisson
mwz444 = Ben Faga
phrrngtn = Paul Harrington
plutooth = Johannes Plunien <plu@cpan.org>
ribasushi = Peter Rabbitson <ribasushi@cpan.org>
rossta = Ross Smith
ruoso = Daniel Ruoso <daniel@ruoso.com>
sbennett = Stephen Bennett <stephen@freenode.net>
schiffbruechige = Jess Robinson <castaway@desert-island.me.uk>
scottcain = Scott Cain
wallacereis = Wallace Reis <wreis@cpan.org>

# no commits
archaelus = Geoff Cant
christot = Chris To
gugod = Kang-ming Liu
msaffitz = Michael Saffitz
smdwilliams = Jason Williams
